Topic,Count,Name,Representation,Representative_Docs
-1,8083,-1_army_enemy_one_war,"['army', 'enemy', 'one', 'war', 'may', 'men', 'great', 'would', 'battle', 'caesar']","['army sent attius away safety three first days caesar employed fortifying camp strong works bringing corn neighbouring free towns waiting rest forces within three days eighth legion came twentytwo cohorts new levies gaul three hundred', 'upon objects case enemy two different objects one part exclude therefore force may applicable one may serve therefore one two belligerents determined seek great decision arms high probability success', 'army one days rest next day sent peithon demetrius cavalry general back river command troops giving addition many battalions lightarmed infantry sufficient enterprise instructions go along bank river met fled']"
0,4419,0_english_french_england_france,"['english', 'french', 'england', 'france', 'ships', 'sea', 'fleet', 'naval', 'power', 'navy']","['advantage wind english day fortyfour ships action dutch eighty many english said larger two fleets passed opposite tacks english windward tromp rear seeing dutch order battle badly formed ships two three lines overlapping', 'time arrived strong english squadron six shipsoftheline admiral hughes absence similar french force gave entire control sea english arrival suffren nearly three years later mean holland drawn war stations negapatam', 'peace existing two nations french shipsofwar thus serving spanish fleet terms treaty enemies french nation armed forces france sea land neutrals privileges neutrality course england bound accept view']"
1,2935,1_athenians_lacedaemonians_athens_athenian,"['athenians', 'lacedaemonians', 'athens', 'athenian', 'allies', 'ships', 'peloponnesians', 'syracusans', 'sicily', 'meanwhile']","['exceptions joined athenians brought corn army cases even money athenians marched refused join forced case others stopped syracusans sending garrisons reinforcements meanwhile athenians moved winter quarters', 'spring summer following lacedaemonians athenians made armistice year athenians thinking would thus full leisure take precautions brasidas could procure revolt towns might also', 'terms armistice ships delivered number sixty envoys sent accordingly arrived athens spoke follows athenians lacedaemonians sent us try find way']"
2,688,2_theory_mind_must_therefore,"['theory', 'mind', 'must', 'therefore', 'may', 'things', 'nature', 'us', 'criticism', 'life']","['mind nature knowledge', 'nature things would tedious criticism must support truths theory established point war actor obeys theoretical truths rather mind imbued regards objective inflexible laws criticism must also make use external law', 'theory applicable every abstract truth leaving nothing criticism place case appropriate law would ridiculous pedantry lay rule criticism must always halt turn round reaching boundaries sacred theory spirit analytical inquiry origin theory must']"
3,634,3_sun_tz_wu_yu,"['sun', 'tz', 'wu', 'yu', 'chi', 'tsao', 'tu', 'chang', 'chinese', 'ch']","['follow interpretation tsao kung also adopted li chuan tu mu chang yu another possible meaning set forth tu yu chia lin mei taochen wang hsi general first tyrannical towards men terror lest mutiny etc would connect sentence went', 'besides eleven commentators several others whose work come us sui shu mentions four namely wang ling often quoted tu yu wang tz chang tzshang chia hsu wei shen yu wu tang shu adds sun hao tung chih hsiao chi tu shu mentions ming commentator huang', 'ssuma chien gives following biography sun tz sun tz wu native chi state art war brought notice ho lu king wu ho lu said']"
4,357,4_river_indus_called_name,"['river', 'indus', 'called', 'name', 'rivers', 'hebrew', 'euphrates', 'flows', 'sea', 'caucasus']","['rule land beyond caspian gates country beyond caucasus tanais well land beyond river bactria hyrcania hyrcanian sea also subdued scythians far desert addition river indus flows territory also hydaspes', 'unquestionable therefore let record indus largest rivers asia europe except ganges also indian river takes rise side mount parapamisus caucasus discharges water great sea lies near india direction south wind two', 'dockyards resolved leave behind fleet many ships near city patala river indus divides two streams sailed great sea mouth indus ascertain branch river easier navigate mouths river indus stades']"
5,297,5_lines_operations_line_strategic,"['lines', 'operations', 'line', 'strategic', 'points', 'point', 'objective', 'center', 'decisive', 'theater']","['importance renders plain distinction general line operations whole campaign strategic lines temporary change operations army besides territorial strategic lines strategic lines', 'strategic fronts lines defense fronts operations choice lines operations leading objective point strategic front', 'strategic lines points decisive points theater war objective points operations strategic lines points different kinds receive']"
6,289,6_cltus_bardylis_crateas_son,"['cltus', 'bardylis', 'crateas', 'son', 'magnesia', 'mount', 'musicanus', 'patala', 'peithon', 'halicarnassus']","['etc mesanculon see gellius noctes atticae polybius euripides phoenissae andromache alciphron', 'curtius calls physician critobulus near city cos stood asclepium temple asclepius island sacred chief family asclepiadae claimed descent curtius saysigitur patefacto latius vulnere et spiculo', 'cltarchus cltus son bardylis']"
7,217,7_macedonians_alexander_phalanx_cavalry,"['macedonians', 'alexander', 'phalanx', 'cavalry', 'city', 'wall', 'barbarians', 'fled', 'infantry', 'indians']","['macedonians besides admetus proved valiant man first scale wall twenty shieldbearing guards killed assault occasion whole siege macedonians slain alexander gave amnesty fled refuge temple heracles among', 'city less strong walls attack enemy awaiting alexander drew phalanx macedonians following way right wing taken position held shieldbearing guards next extended foot companions far', 'macedonians alexander advanced shieldbearing guards destroyed men fought pursued fled great slaughter also made occupying city harbour regiment coenus also entered macedonians part advancing']"
8,215,8_ancient_people_gaul_germany,"['ancient', 'people', 'gaul', 'germany', 'inhabiting', 'city', 'gallia', 'italy', 'rhine', 'called']","['pannonia large country ancient division europe divided upper lower comprehended betwixt illyricum danube mountains cethi parisii ancient people gaul inhabiting country', 'lutetia paris ancient famous city capital france river seine lygii ancient people upper germany inhabited country', 'nannetes ancient people gaul inhabiting country nantes g nantuates ancient people north part savoy whose']"
9,193,9_military_general_generals_virtue,"['military', 'general', 'generals', 'virtue', 'staff', 'officers', 'spirit', 'qualities', 'army', 'good']","['depends safety nation may confident good strategist make good chief staff army command chief required man tried qualities high character known energy united action', 'assistance military virtue parts genius commander whole general guide whole separate part cannot guide part military virtue must', 'spirit boldness always nourished different things may undertaken one virtue unknown reason considered connection army subject specially boldness general yet much say described military virtue']"
10,189,10_enemy_battle_victory_may,"['enemy', 'battle', 'victory', 'may', 'defensive', 'force', 'enemys', 'therefore', 'point', 'combat']","['enemy field battle sign victory means victory strategy gains object appointed combat constitutes special signification signification certainly influence nature victory victory intended weaken enemys armed forces different thing', 'used occasion may require assailant must make similar efforts forces well hand soon point attack shall determined mass troops directed center upon one wing enemy upon whatever may resulting formation always bear', 'point victory expended many forces enemy closing account campaign gain remaining victory result called victory therefore overcoming enemy placing position must give fight counts nothing']"
11,182,11_columns_divisions_battalions_column,"['columns', 'divisions', 'battalions', 'column', 'deployed', 'battalion', 'formation', 'corps', 'lines', 'line']","['whole armies deployed skirmishers still necessary preserve either formation lines deployed two three ranks lines battalions columns', 'attack cavalry column close formation column two lines columns columns single battalions', 'column attack divisions upon central division really line small columns threerank formation battalion four divisions twelve ranks column shown way']"
12,181,12_rhine_archduke_austrians_austria,"['rhine', 'archduke', 'austrians', 'austria', 'danube', 'army', 'austrian', 'moreau', 'tyrol', 'bohemia']","['protected forward movements manner jourdan passed rhine dusseldorf extreme right austrians could advanced perfect safety toward main driven away french double exterior line operations left one hundred twenty thousand men', 'leaving austria rear russia front austria launched army one hundred thousand men bohemia upon oder probable power napoleon would ended every reason think army could regained rhine austria preferred wait till could raise four hundred', 'two exterior lines nevertheless three upon rhine danube army left observes lower rhine center marches upon danube switzerland flanking italy swabia occupied third army strong others three armies could concentrated valley inn eighty']"
13,168,13_alexander_alexanders_callisthenes_plutarch,"['alexander', 'alexanders', 'callisthenes', 'plutarch', 'alex', 'speech', 'king', 'said', 'curtius', 'clitus']","['speech alexander officers', 'alexanders grief clitus dispute callisthenes anaxarchus callisthenes opposes proposal honour alexander', 'must occurred bc see plutarch alex cicero tusculanae disputationes alexander said alexander like diogenes cf arrian plutarch de fortit alex p']"
14,154,14_darius_persians_alexander_persian,"['darius', 'persians', 'alexander', 'persian', 'wife', 'king', 'grecian', 'flight', 'alexanders', 'wing']","['receive part territory instead whole money territory wished marry daughter darius would marry even though darius refused commanded darius come wished experience generous treatment darius heard answer', 'defeat persians pursuit darius', 'battle arbelaflight darius defeat persians pursuit darius escape darius mediamarch alexander']"
15,151,15_wall_mound_engines_towers,"['wall', 'mound', 'engines', 'towers', 'feet', 'walls', 'stones', 'height', 'beams', 'darts']","['plataeans observing progress mound constructed wall wood fixed upon part city wall mound erected built bricks inside took neighbouring houses timbers served bind building together prevent becoming weak advanced height', 'covered every thing capable protecting fire stones thrown enemy greatness works height wall towers multitude engines retarded progress works besides frequent sallies made town albici fire thrown mound turrets', 'ordered mound constructed quite round city sides two stades breadth feet height engines prepared brought along mound shook large extent wall mines dug various places earth drawn stealth wall fell many']"
16,137,16_notice_note_upon_,"['notice', 'note', 'upon', '', '', '', '', '', '', '']","['', 'note upon', 'notice']"
17,129,17_caesar_caesars_rome_roman,"['caesar', 'caesars', 'rome', 'roman', 'senate', 'aedui', 'public', 'consulate', 'domitius', 'people']","['design send ambassadors caesar purpose imploring pardon make advances aedui whose state ancient times protection rome caesar readily grants pardon receives excuse request aedui thought summer season one', 'complains caesar behalf rest gauls cruelty ariovistus marches bellovaci create diversion favour caesar intercedes bellovaci obtains pardon caesar goes rome implore aid senate without effect', 'declared open senate would hold degree estimation stayed rome caesars camp thus three days wasted disputes excuses besides lucius metellus one tribunes suborned caesars enemies prevent embarrass everything else caesar']"
18,120,18_caesar_camp_legions_baggage,"['caesar', 'camp', 'legions', 'baggage', 'day', 'legion', 'forces', 'caesars', 'ordered', 'cohorts']","['ordering part legions remain pompeys camp sent back part camp taking four legions went shorter road intercept enemy marched six miles drew army pompeians observing took post mountain whose foot washed river caesar encouraged troops', 'ordered baggage speedily brought forth camp follow closely caesar conveyed baggage nearest hill left two legions guard pursued far time day would permit slaying three thousand rear enemy encamped alesia next day reconnoitring', 'fosse staying short time advancing great distance bottom hill led back forces camp third day caesar fortified camp rampart ordered cohorts left upper camp baggage removed']"
19,88,19_napoleon_napoleons_order_bonaparte,"['napoleon', 'napoleons', 'order', 'bonaparte', 'rivoli', 'battle', 'march', 'system', 'would', 'bassano']","['campaign napoleons', 'napoleon napoleons order battle order battle eugene turin', 'ratisbon napoleon napoleons order battle rear attack']"
20,86,20_cavalry_charges_charge_infantry,"['cavalry', 'charges', 'charge', 'infantry', 'lance', 'irregular', 'artillery', 'best', 'may', 'good']","['gallop best cavalry charge general advanced guard composed cavalry charge', 'cavalry use general make cavalry depends course', 'armor defensive cavalry arms organization cavalry arms irregular cavalry']"
21,83,21_horse_horses_cavalry_curio,"['horse', 'horses', 'cavalry', 'curio', 'men', 'legions', 'foot', 'charge', 'battle', 'behind']","['suspecting curio sent horse would follow sabura drew army horse foot commanded give way gradually retreat pretence fear necessary would give signal battle orders found circumstances required curio idea', 'turns assist horse legions marching close order came suddenly sight enemy sight barbarian horse astonished foot terrified breaking line baggage betook flight loud shout great disorder horse little', 'horse give ground light infantry sent legions assistance cavalry soon came mixing horse fought great courage battle time doubtful usually happens men stood enemys first charge became superior circumstance though']"
22,77,22_object_destruction_combat_enemys,"['object', 'destruction', 'combat', 'enemys', 'force', 'objects', 'means', 'therefore', 'combats', 'negative']","['directly conditions preceding combat action directed destruction enemy rather fighting powers lies conception combat destruction enemys fighting power therefore always means attain object combat', 'true object combat sought prove special consideration point true majority cases respect important battles destruction enemys army always preponderating object war objects may mixed destruction enemys', 'destruction enemys military forces reality object combats objects may joined thereto objects may time predominant must therefore draw distinction destruction enemys forces principal object means']"
23,73,23_corn_cattle_supply_scarcity,"['corn', 'cattle', 'supply', 'scarcity', 'quantity', 'want', 'consumed', 'country', 'abundance', 'provisions']","['behind set light troops bring corn scheme met approbation following night drapes luterius leaving two thousand men garrison marched town rest days stay country cadurci disposed assist corn others unable', 'zeal aid much others boii resources great quickly consumed although army distressed greatest want corn poverty boii apathy aedui burning houses degree several days soldiers without corn', 'occasion war p crassus young man taken winter quarters seventh legion among andes border upon atlantic ocean scarcity corn parts sent officers cavalry several military tribunes amongst neighbouring states purpose procuring corn']"
24,73,24_democracy_public_private_prosperity,"['democracy', 'public', 'private', 'prosperity', 'people', 'government', 'commons', 'classes', 'aristocracy', 'man']","['passions proceeded violence parties engaged contention leaders cities provided fairest professions one side cry political equality people moderate aristocracy sought prizes public interests pretended cherish', 'creed part preserving form government city enjoyed utmost greatness freedom found existing democracy men sense among us knew perhaps well cause complain nothing new said', 'favours many instead called democracy look laws afford equal justice private differences social standing advancement public life falls reputation capacity class considerations allowed interfere merit poverty bar way']"
25,72,25_political_object_war_conduct,"['political', 'object', 'war', 'conduct', 'influence', 'theory', 'therefore', 'means', 'relations', 'must']","['commander particular case may demand claim truly trifling one however powerfully may react political views particular cases still must always regarded modification political view object war means means must always include object conception', 'ask first object upon whole effort war directed order may suffice attainment political object shall find variable political object particular circumstances war', 'political object order secure latter political object much standard aim effort influence masses indifferent less mutual feeling hostility prevails two states causes therefore cases political object almost']"
26,54,26_river_bridge_bridges_bank,"['river', 'bridge', 'bridges', 'bank', 'towers', 'banks', 'passage', 'tetes', 'hill', 'redoubts']","['regular tetes de font least lines redoubts cover rearguard natural also enemy pursuing use every effort destroy bridges retreat made bank river wooden houses may thrown stream also fireships millsa means austrians used', 'engagement immediately upon passage river wings must retired rested river cover bridges also defensive battle fought river rear passed defile covered leipsic finally may become natural formation resist enemy forming concave line', 'interest stream narrow permanent bridges operation nothing passage defile river wide crossed upon temporary military bridge maneuver extreme delicacy among precautions taken important one get parks well advanced']"
27,53,27_gaul_gauls_roman_states,"['gaul', 'gauls', 'roman', 'states', 'people', 'romans', 'state', 'caesar', 'war', 'feared']","['hostages given goodwill took right war tribute conquerors accustomed impose conquered made war upon gauls gauls upon states gaul came attack encamped forces routed', 'gaul number assembles also chief persons states determined leave gaul whose fidelity towards clearly discerned take rest hostages feared commotion gaul absent', 'assaulting gaul evidence come without invited make war merely warded come gaul roman people never time roman army go beyond frontiers province gaul said caesar desire']"
28,49,28_spies_spy_information_converted,"['spies', 'spy', 'information', 'converted', 'use', 'tu', 'mu', 'enemys', 'surviving', 'spying']","['local spies means employing services inhabitants district tu mu says enemys country win people kind treatment use spies', 'converted spies getting hold enemys spies using purposes', 'hence use spies five classes local spies inward spies converted spies doomed spies surviving spies five kinds spy work none discover']"
29,43,29_action_reciprocal_suspension_polarity,"['action', 'reciprocal', 'suspension', 'polarity', 'extreme', 'progress', 'war', 'therefore', 'activity', 'equilibrium']","['second reciprocal action leads second extreme second reciprocal action utmost exertion powers', 'resources effect best increasing means far possible adversary therefore new mutual enhancement pure conception must create fresh effort towards extreme third case reciprocal action third extreme meet third reciprocal action', 'pushed utmost bounds one side dictates law arises sort reciprocal action logically must lead extreme first reciprocal action first extreme meet first reciprocal action']"
30,42,30_rearguard_retreat_marches_retreats,"['rearguard', 'retreat', 'marches', 'retreats', 'advanceguard', 'halt', 'pursuit', 'armies', 'unexpected', 'march']","['hurried march rearguard arranged shall reached position front bridge last main body passed suitable moment relieving rearguard fresh troops strongly posted rearguard pass intervals fresh troops position cross', 'order posting fresh troops support relieve rearguard causing intelligent officers examine select positions rearguard may advantageously halt engage enemy check pursuit thus gain time making provision advance movement trains nothing shall left behind', 'rearguard retreat rearguards retreat']"
31,38,31_alexander_death_son_alexanders,"['alexander', 'death', 'son', 'alexanders', 'king', 'philip', 'alinda', 'macedonians', 'macedonian', 'perdiccas']","['history greece vol p son neoptolemus alexanders death meleager resisted claim perdiccas regency associated office however soon afterwards put death order', 'perdiccas son orontes macedonian one alexanders distinguished generals king said deathbed taken royal signet finger given perdiccas alexanders death appointed regent', 'preferable claim macedonian throne son philips elder brother perdiccas amyntas put death alexander soon accession cyna put death alcetas order perdiccas regent alexanders death see diodorus']"
32,38,32_pompey_senate_pompeys_caesar,"['pompey', 'senate', 'pompeys', 'caesar', 'authority', 'republic', 'caesars', 'tribunes', 'commissioners', 'dignity']","['authorized treat subject resigned whole management war matters pompey order council acquainted caesars demands would transmit pompey would conclude persuasions meantime let truce', 'lay arms let fears removed city let free elections whole republic resigned direction senate roman people things might easily performed conditions secured confirmed oath either let pompey come caesar allow caesar go might', 'private nature pompey pompey wished clear caesar lest impute actions republic design affronting ever preferred interest state private connections caesar honour ought sacrifice desires resentment']"
33,37,33_camps_intrenched_tetes_ponts,"['camps', 'intrenched', 'tetes', 'ponts', 'connection', 'cantonments', 'de', 'defense', 'coups', 'strategic']","['xxvii connection intrenched camps tetes de ponts strategy', 'mutually support needless state works particularly important enemys country upon fronts permanent works may observed principal difference system intrenched camps tetes de ponts best intrenched camps composed', 'attack positions intrenched camps coups de main']"
34,36,34_coffin_funeral_wine_tomb,"['coffin', 'funeral', 'wine', 'tomb', 'dead', 'admetus', 'killed', 'bones', 'put', 'buried']","['restore tomb cyrus put coffin parts body still preserved put lid restore parts coffin defaced moreover instructed stretch couch tight bands deposit things used lie ornament resembling former ones', 'roof door leading within narrow even small man could difficulty enter suffering much discomfort building lay golden coffin body cyrus buried side coffin couch feet gold wrought hammer carpet babylonian tapestry', 'ceremony bones dead laid tent erected friends bring relatives offerings please funeral procession cypress coffins borne cars one tribe bones deceased placed coffin tribe among carried one empty bier decked']"
35,35,35_germans_rhine_treviri_territories,"['germans', 'rhine', 'treviri', 'territories', 'cross', 'gaul', 'menapii', 'germany', 'savage', 'ubii']","['tend effeminate mind nearest germans dwell beyond rhine continually waging war reason helvetii also surpass rest gauls valour contend germans almost daily battles either repel territories wage', 'provoked war lest despairing safety either proceed conceal territories menapii driven coalesce germans beyond rhine entered upon resolution sends baggage whole army labienus territories treviri orders two legions', 'menapii addition germans side rhine arms senones assemble according command concerting measures carnutes neighbouring states germans importuned treviri frequent embassies thought ought take measures war']"
36,35,36_wars_intervention_interferes_state,"['wars', 'intervention', 'interferes', 'state', 'intestine', 'states', 'kinds', 'may', 'intervenes', 'gold']","['kinds extermination intervention intervention essentials wars intervention military chances', 'intervention instances kinds reasons wars', 'wars intervention']"
37,35,37_arrian_epictetus_photius_cod,"['arrian', 'epictetus', 'photius', 'cod', 'indica', 'greek', 'writers', 'arrians', 'extant', 'work']","['another lost work arrian life death epictetus mentioned simplicius beginning commentary enchiridion', 'life writings arrian know arrian derived notice', 'another work arrian twelve books distinct mentioned photius title friendly conversations epictetus fragments survive']"
38,33,38_son_ptolemy_lagus_parmenio,"['son', 'ptolemy', 'lagus', 'parmenio', 'cavalry', 'command', 'mercenary', 'grecian', 'shieldbearing', 'infantry']","['hippostratus cavalry companions supreme command philotas son parmenio phalanx macedonian infantry nearest cavalry posted first select corps shieldbearing guards rest shieldbearingguards command nicanor son parmenio next', 'amyntas son arrhabaeus cavalry carrying long pike paeonians squadron socrates posted near philotas close posted companions shieldbearing infantry command nicanor son parmenio next brigade perdiccas son orontes coenus son', 'bound fetters alexander heard gave army rest marched slowly despatched ptolemy son lagus head three troops companion cavalry horselancers infantry brigade philotas one regiment shieldbearing guards agrianians']"
39,31,39_cf_arrian_supra_reading,"['cf', 'arrian', 'supra', 'reading', 'aristophanes', 'xenophon', 'herodotus', 'thucydides', 'krger', 'iliad']","['use cf homer iliad aristophanes wasps cf arrian supra', 'sons east cf arrian supra cf herodotus', 'cf supra cf arrian indica cf curtius diodorus latter says']"
40,31,40_arbitration_us_treaty_agreement,"['arbitration', 'us', 'treaty', 'agreement', 'shall', 'fair', 'alliance', 'negotiation', 'disputes', 'refer']","['disputes shall decided fair impartial arbitration agreeably customs two countries rest cities peloponnese may included treaty alliance independent sovereign full enjoyment', 'wait disaster discuss matter yet means misguided far see accordingly still open us choose aright bid dissolve treaty break oaths differences settled arbitration according agreement else', 'shall mutually submit differences legal settlement shall meanwhile keep yet lacedaemonians never yet made us offer never yet would accept us offer contrary wish complaints settled war instead negotiation end find dropping']"
41,26,41_macedonia_epirus_city_pyrrhus,"['macedonia', 'epirus', 'city', 'pyrrhus', 'thrace', 'oxen', 'called', 'river', 'durazzo', 'uncertain']","['two provinces west macedonia two divisions epirus town penus hestiaeotis', 'thessalonica chief city macedonia called salonichi thracia large country europe eastward macedonia commonly called romania bounded euxine aegean seas', 'macedonia']"
42,26,42_hostages_ambassadors_caesar_commands,"['hostages', 'ambassadors', 'caesar', 'commands', 'mandubratius', 'aedui', 'arms', 'demanded', 'send', 'bituriges']","['impending war investigation imposed one hundred hostages delivers aedui held charge place carnutes send ambassadors hostages employing mediators remi whose protection receive answers caesar concludes council imposes', 'flight send ambassadors caesar promise surrender perform commands entreat protect mandubratius violence cassivellaunus send state one preside possess government caesar demands forty hostages corn army', 'countrymen prepare hostages ambassadors flock states waiting issue war bellovaci give hostages receive orders except comius whose fears restrained entrusting safety persons honour year caesar holding']"
43,26,43_invasions_distant_invasion_wars,"['invasions', 'distant', 'invasion', 'wars', 'diplomacy', 'extensive', 'awaiting', 'soil', 'intervention', 'practising']","['turkey russia two kinds wars advantageous invasions diplomacy', 'invasions across extensive territories invasions maxim invasions aid ally distribution troops line battle', 'grand invasions distant expeditions several kinds distant expeditions first merely auxiliary belong wars intervention']"
44,25,44_night_men_gates_enemy,"['night', 'men', 'gates', 'enemy', 'camp', 'picked', 'continued', 'woods', 'day', 'fortification']","['booths rampart opportunity retreating within camp men anticipating perplexed sudden affair cohort outpost scarcely sustains first attack enemy spread sides ascertain could find access men difficulty defend gates', 'slain great many pursued eagerly lost men enemy time elapsed men guard occupied fortification camp rushed woods making attack upon placed duty camp fought determined manner two cohorts', 'men took nothing arms provisions two days marching whole night till noon next day gave army short rest went night day began break reached camp bagistanes set meet catch enemy however regard']"
45,25,45_xxvi_xxvii_xxix_xxviii,"['xxvi', 'xxvii', 'xxix', 'xxviii', 'xl', 'xxxiii', 'amyntasthe', 'xxxviii', 'xli', 'xlv']","['xxvi', 'xxvi', 'xxvi']"
46,25,46_division_st_corps_second,"['division', 'st', 'corps', 'second', 'fig', 'first', 'side', 'illustration', 'disbanded', 'quarters']","['first corps division st division', 'first corps division st division', 'first corps division st division']"
47,24,47_cappadocia_minor_pliny_called,"['cappadocia', 'minor', 'pliny', 'called', 'ab', 'asia', 'cf', 'comana', 'lingua', 'se']","['galatia country asia minor lying cappadocia pontus paphlagonia called chiangare galba sergius sent nantuates veragrians seduni g barbarians attack camp unexpectedly repulsed', 'nec contrectare aliquam voluit nec videre alexandrum imitatus et africanum qui haec declinabant ne frangeretur cupiditate qui se invictos laboribus ubique praestiterunt thapsacus understood identical city called', 'gadeira gades phoenician colony name hebrew fence cf pliny appellant poeni gadir ita punica lingua septum significante also avienus ora maritima punicorum lingua conseptum locum gaddir vocabat according pliny suetonius paulinus first roman']"
48,23,48_soldiers_honour_recruits_almost,"['soldiers', 'honour', 'recruits', 'almost', 'valour', 'exhorted', 'bodily', 'cotta', 'behalf', 'shield']","['honour soldiers us already carried rewards labours preeminence zealous rest serve thee things going speak behalf bulk army behalf army going say may gratifying men consider', 'loudly calling individual comrade relative could see hanging upon necks tentfellows act departure following far could bodily strength failed calling upon heaven shrieking aloud left behind whole army', 'stature incredible valour practice arms ofttimes encountering could bear even countenance fierceness eyesso great panic sudden seized whole army discompose minds spirits slight degree first arose tribunes soldiers prefects']"
49,23,49_danger_safety_fear_never,"['danger', 'safety', 'fear', 'never', 'wronged', 'survive', 'peril', 'remember', 'january', 'hope']","['control often makes prolongation resistance individual units punishment certain suffer injurious useful whole spirit mass broken original excitement losing winning danger forgotten spent majority danger appears longer appeal', 'events lose moment preparing generally war remember contempt assailant best shown bravery action present best course accept preparations fear inspires giving surest promise safety act danger real', 'danger sanguine wont attempt less justified power mistrust even sanctioned judgment fancy danger release promptitude side procrastination never home never hope']"
50,22,50_night_combat_day_combats,"['night', 'combat', 'day', 'combats', 'follows', 'assailant', 'seldom', 'battles', 'fighting', 'darkness']","['night fighting manner conducting combat night concerns', 'would lost night rule puts end battles night combat holds hope advantage except particular circumstances night better suited retreat day therefore', 'follows assailant combat night feels want eyes much defender therefore particular reasons make night attack advisable']"
51,21,51_pompey_dyrrachium_cohorts_asparagium,"['pompey', 'dyrrachium', 'cohorts', 'asparagium', 'pompeys', 'camp', 'wing', 'soldiers', 'completed', 'volunteers']","['plan accordingly day following set forces long circuit difficult narrow road dyrrachium hoping either pompey would compelled follow dyrrachium communication might cut deposited provisions materiel', 'old camp opposite asparagium kept soldiers close within entrenchments ordered horse sent pretence foraging retire immediately camp decuman gate pompey like manner completed days march took post old camp asparagium soldiers', 'support one another drew field eighty cohorts making total twentytwo thousand men left two cohorts guard camp gave command left wing antonius right p sulla centre cn domitius took post opposite pompey time fearing disposition']"
52,21,52_art_les_summary_war,"['art', 'les', 'summary', 'war', 'military', 'instruction', 'wars', 'ximilitary', 'xiidifferent', 'viwars']","['summary art war', 'summary art war', 'art war']"
53,21,53_viceroy_appointed_stasanor_phrataphernes,"['viceroy', 'appointed', 'stasanor', 'phrataphernes', 'areians', 'land', 'arrived', 'indians', 'alexander', 'parthians']","['effect revolution thither also came stasanor viceroy areians zarangians accompanied pharismanes son phrataphernes viceroy parthians hyrcanians came also generals left parmenio army media cleander sitalces heracon bringing greater', 'meantime coenus returned alexander nautaca also craterus phrataphernes viceroy parthians stasanor viceroy areians executing orders alexander given king caused army rest around nautaca midwinter despatched phrataphernes land', 'phrataphernes viceroy parthia stasanor sent land areians arrest arsames brought chains also barzanes bessus appointed viceroy land parthians others time joined bessus revolt time arrived']"
54,20,54_french_thousand_armies_hundred,"['french', 'thousand', 'armies', 'hundred', 'fortresses', 'towns', 'detour', 'lille', 'valenciennes', 'paris']","['whole force french one hundred fifteen thousand men scattered frontier one hundred forty leagues divided five corps darmee could make good defense paralyze prevent concentration necessary attack center political reasons also', 'destroying capturing fortresses allies informed commanders fortresses contemplated wrong france forts brave armies marched paris two hundred thousand men might restored monarchy might never returned least without protection', 'might destroyed french army instead suffering case total defeat general stockach attacked mass sixty thousand men four small bodies troops much separated unable give mutual aid would known take proper advantage wide detour effected presence way']"
55,20,55_clemency_soldiers_assembly_arms,"['clemency', 'soldiers', 'assembly', 'arms', 'freedom', 'mercy', 'receive', 'spared', 'punishment', 'highspirited']","['requested would contented punishment enemy possessed power inflict engagement yet uninjured persuaded usual clemency mercy never would inflicted power bellovaci crushed cavalry action many thousands', 'agreeably clemency humanity heard others resolve aduatuci spared would deprive arms neighbours enemies envied courage could defend arms delivered better', 'outstretched arms prostrating ground tears implored mercy comforted bade rise spoken words clemency alleviate fears pardoned gave orders soldiers injury done nothing taken used']"
56,19,56_gaul_people_caesar_ibid,"['gaul', 'people', 'caesar', 'ibid', 'confederacy', 'normandy', 'inhabiting', 'ravages', 'massacre', 'ancient']","['ambarri people gaul uncertain complain caesar ravages committed territories helvetii g ambialites people gaul lamballe bretagne others take', 'ambibari people gaul inhabiting ambie normandy ambiorix artful speech sabinus cotta g caesar marches g ravages lays waste territories ibid endeavours vain get hands ibid', 'aedui autunois people gaul near autun country called lower burgundy complain caesar ravages committed territories helvetii g join petition ariovistus ibid head one two leading factions gaul g caesar quiets intestine']"
57,19,57_detachments_army_duty_commander,"['detachments', 'army', 'duty', 'commander', 'inconveniences', 'may', 'rules', 'staff', 'instructions', 'supplies']","['operations detachments army may send important bearing success campaign duty determining strength proper occasions one greatest delicate responsibilities imposed upon commander nothing useful war strong detachment opportunely sent', 'surrounding circumstances reasonable rules subject send detachments possible recall thorn immediately duty performed inconveniences necessarily attending may made practicable giving judicious carefullyprepared instructions commanders', 'must also call attention xxviii upon great detachments necessary evils managed great care may prove ruinous best armies essential rules point make detachments possible readily movable']"
58,18,58_heracles_dionysus_hercules_cadmus,"['heracles', 'dionysus', 'hercules', 'cadmus', 'deity', 'worship', 'son', 'perseus', 'zeus', 'tyre']","['tyrians greeks worship herodotus says egyptians considered heracles one twelve gods athenians worshipped different dionysus son zeus core mystic chant called iacchus sung dionysus ligaturee theban also think heracles honoured', 'reason demand tyre existed temple heracles ancient mentioned history dedicated argive heracles son alcmena heracles honoured tyre many generations cadmus set phoenicia occupied thebes', 'heracles son alexander heracles hercules']"
59,18,59_mountainous_countries_national_defense,"['mountainous', 'countries', 'national', 'defense', 'mountains', 'plains', 'country', 'valleys', 'rare', 'transversal']","['strategic defense mountainous countries stollhofen lines', 'mountainous country presents combinations war four different aspects may whole theater war may zone may mountainous throughout whole extent', 'offensive mountainous country also presents double case may either directed upon belt mountains beyond extensive plains whole theater may mountainous']"
60,17,60_tttttttttttttttttttttttttttttttttttttttt_tttttttttttttttttttttttttttttttttttttttttttttttttttttt_tttttttttttttttttttttttttt_tttttttttttttt,"['tttttttttttttttttttttttttttttttttttttttt', 'tttttttttttttttttttttttttttttttttttttttttttttttttttttt', 'tttttttttttttttttttttttttt', 'tttttttttttttt', 'ttttttttttttt', 'ttttttttttttttttttttttttttttttttttttttttttttttttttttttttt', 'nsa', 'llllllllllllll', 'lllllllllllll', 'ch']","['h ttttttttttttt c tttttttttttttt', 'b tttttttttttttttttttttttttttttttttttttttt', 'tttttttttttttttttttttttttttttttttttttttt']"
61,17,61_tyre_siege_tyrians_tyreconstruction,"['tyre', 'siege', 'tyrians', 'tyreconstruction', 'tyrenaval', 'mainland', 'sidon', 'mole', 'entrance', 'slaughtering']","['siege tyre', 'siege tyre', 'siege tyre siege tyrenaval defeat tyrians b siege tyre']"
62,17,62_footnote_footnotes_refer_claim,"['footnote', 'footnotes', 'refer', 'claim', 'treated', 'mayas', 'wagner', 'aversa', 'misapprehension', 'itranslators']","['footnotes footnote every battle one party must assailant assailed every battle hence offensive one party', 'footnotes footnote refer intrenched camps make great difference treated xxvii', 'footnotes footnote account two battles see chapters treatise grand military operations']"
63,16,63_moscow_russian_buonaparte_peace,"['moscow', 'russian', 'buonaparte', 'peace', 'russians', 'capital', 'russia', 'would', 'emperor', 'army']","['gained gave nearly certainty taking capital russians would condition fight second battle within eight days seemed highest degree improbable moscow hoped find peace doubt complete dispersion russian army would made peace much certain still first', 'reach moscow take central capital means superiority succeeded completely defeating russian army would probability concluded peace moscow way much less attainable example used explain idea prove would require circumstantial', 'consideration get moscow get force appear dictator capital empire government force brought moscow longer sufficient shown sequel would still less scattering russian army']"
64,16,64_caesar_tribunes_domitius_labienus,"['caesar', 'tribunes', 'domitius', 'labienus', 'gades', 'letter', 'nobility', 'characters', 'drawn', 'cicero']","['abandon blockade march towards caesar forces armed men cicero opportunity afforded begs vertico gaul mentioned convey back letter caesar advises perform journey warily writes letter enemy departed', 'tribunes fled protection called legions winter quarters ordered follow thither came lucius caesar young man whose father lieutenant general caesar concluding rest speech stating purpose come told caesar commands', 'circulated caesar defeated forced flee lost almost forces reports made roads dangerous drawn states alliance whence happened messengers despatched caesar several different roads domitius domitius caesar able means']"
65,16,65_chariots_chariot_charioteers_swift,"['chariots', 'chariot', 'charioteers', 'swift', 'olympic', 'overpowered', 'games', 'ibid', 'fighting', 'mode']","['infantry cavalry chariots elephants curtius says infantry chariots elephants krgers reading instead', 'therefore chariot fighting ten chariots taken rewarded took first flags substituted enemy chariots mingled used conjunction captured soldiers', 'sun tz said operations war field thousand swift chariots many heavy chariots hundred thousand mailclad soldiers']"
66,15,66_nations_civilization_roads_capital,"['nations', 'civilization', 'roads', 'capital', 'conquests', 'country', 'empire', 'lying', 'nature', 'frontiers']","['capital never planting land could tell invader might come take away come walls stop thinking necessities daily sustenance could supplied one place well another cared little shifting habitation consequently neither', 'continents political condition central american tropical south american states unstable cause constant anxiety maintenance internal order seriously interfere commerce peaceful development resources long asto use familiar expressionthey hurt one', 'civilization means communication multiply roads opened rivers bridged foodresources increased operations war become easier rapid extensive principles must conformed remain march foot replaced carrying troops coaches latter turn gave place']"
67,15,67_reserves_reserve_strategic_executive,"['reserves', 'reserve', 'strategic', 'executive', 'modern', 'national', 'economy', 'idea', 'systems', 'wing']","['reserves intended serve supports one strategic point concentration several corps widely extended cantonments c c see necessity arrangements may constantly arise may consider something like small change strategic economy whilst capital battles', 'reserves particularly useful configuration country leads double fronts operations fulfill double object observing second front case necessity aiding operations main army enemy threatens flanks reverse compels fall back toward reserve', 'reserves play important part modern warfare executive prepares national reserves chief platoon skirmishers every commander desires reserve wise government always provides good reserves armies general uses']"
68,15,68_thirst_water_heat_drinking,"['thirst', 'water', 'heat', 'drinking', 'drank', 'substance', 'townsmen', 'hardships', 'oppressed', 'beasts']","['sand though heat sun already scorching necessary reach water halting far journey alexander though oppressed thirst nevertheless great pain difficulty leading army foot soldiers usual case might', 'pursuit keen fatiguing account excessive heat entire army seized thirst alexander riding drank water procurable country seized incessant diarrha water bad reason could pursue scythians otherwise think', 'sweep away royal baggage well beasts burden still remaining soldiers great exertions hardly able save together weapons many lost beyond recovery enduring burning heat thirst lighted upon abundance water many perished drinking']"
69,15,69_disease_dying_sick_cases,"['disease', 'dying', 'sick', 'cases', 'succumbed', 'physicians', 'distemper', 'mortality', 'pain', 'died']","['body meanwhile waste away long distemper height held marvel ravages succumbed cases seventh eighth day internal inflammation still strength passed stage disease descended', 'attendance friends houses even members family last worn moans dying succumbed force disaster yet recovered disease sick dying found compassion knew experience fear', 'pain soon reached chest produced hard cough fixed stomach upset discharges bile every kind named physicians ensued accompanied great distress cases also ineffectual retching followed producing violent spasms cases ceased soon others much later']"
70,15,70_clausewitz_von_carl_staff,"['clausewitz', 'von', 'carl', 'staff', 'translated', 'gneisenau', 'general', 'breslau', 'papers', 'berlin']","['war general carl von clausewitz translated colonel jj graham st edition translation london', 'author work translated general carl von clausewitz born burg near magdeburg entered prussian army fahnenjunker ie ensign served campaigns rhine seems devoted time', 'war general carl von clausewitz']"
71,14,71_bath_fever_night_medius,"['bath', 'fever', 'night', 'medius', 'day', 'sacrifices', 'sleep', 'took', 'tester', 'slept']","['royal diary gives following account effect revelled drank dwelling medius rose took bath slept supped house medius drank till far night retiring drinking party took bath took little food slept', 'suffer fever notwithstanding summoned officers gave instructions things ready starting fleet evening took bath ill next day transferred house near swimmingbath offered prescribed sacrifices though', 'bed fever raged whole night without intermission next day took bath offered sacrifice gave orders nearchus officers voyage begin third day next day bathed offered prescribed sacrifices performing sacred rites yet cease']"
72,14,72_macedonians_macedonian_back_thee,"['macedonians', 'macedonian', 'back', 'thee', 'labours', 'age', 'accord', 'started', 'alexander', 'home']","['subdued war came bringing youths growing manhood number age alexander called epigoni successors accoutred macedonian arms exercised military discipline macedonian system arrival said vexed macedonians thought', 'undergoing labours numerous greater exploits achieved thee commander started home thee advantageous seem end put labours dangers thou thyself seest many macedonians greeks started thee', 'military service either age maimed limbs said would send back abodes also promised give went back much would make special objects envy home arouse macedonians wish share similar dangers labours alexander said']"
73,14,73_napoleon_line_lines_operations,"['napoleon', 'line', 'lines', 'operations', 'mont', 'simplon', 'montcenis', 'wavre', 'strategic', 'jean']","['would take reverse front operations expose line retreat cut supporting army well base force upon main campaign first objective point napoleon fall upon right melas saintbernard seize line communications hence', 'near mont st jean audaciously took last triumphed application interior strategic lineswhich napoleon perhaps first time life neglected readily seen line followed gembloux wavre mont st jean neither line operations prussian army line battle', 'napoleon choose line operations right leading seashore toward nice savona center leading montcenis toward turin left leading line communications melas way saintbernard simplon first two directions nothing favor']"
74,14,74_fig_illustration_illustrations_plate,"['fig', 'illustration', 'illustrations', 'plate', 'june', 'ttttttttttttttttttttttttttttttttttttttttttttttttttttt', 'result', 'tttttttttttttttttttttttttttttttttttttttt', 'answers', 'tagliamento']","['result operations illustration fig', 'illustration fig c', 'illustration fig']"
75,13,75_shieldbearing_agrianians_cavalry_guards,"['shieldbearing', 'agrianians', 'cavalry', 'guards', 'companions', 'archers', 'horselancers', 'perdiccas', 'mallians', 'bank']","['took shieldbearing guards bowmen agrianians peithons brigade men called foot companions horse bowmen half cavalry companions marched tract country destitute water mallians tribe independent indians first day encamped near', 'following distribution army placed board ships shieldbearing guards archers agrianians bodyguard cavalry craterus led part infantry cavalry along right bank hydaspes along bank hephaestion advanced head', 'wounded within stronghold upon right wing posted guard cavalry cavalry regiment clitus next shieldbearing guards agrianians towards left stationed perdiccas regiment cavalry battalions foot companions archers divided two parts']"
76,13,76_weather_thunder_rain_summers,"['weather', 'thunder', 'rain', 'summers', 'winters', 'wind', 'occurred', 'distinguishing', 'storm', 'lee']","['without either giving ground meanwhile occurred claps thunder lightning heavy rain fail add fears party fighting first time little acquainted war experienced adversaries phenomena appeared produced time year much', 'tightly stitched night furious storm rain occurred preparations attempt cross rendered still unobserved since noise thunder storm drowned din clatter weapons noise arose orders given officers', 'found present conditions lessons history respect valueless careful consideration distinguishing characteristics lee weather gage directed essential features disregarding secondary details show mistake distinguishing feature']"
77,13,77_wagons_supplies_transportation_depots,"['wagons', 'supplies', 'transportation', 'depots', 'provisions', 'vehicles', 'drivers', 'undefended', 'rations', 'husband']","['powers provisions thus acquired collected points convenient operations army order husband troops may quartered towns villages taking care reimburse inhabitants extra charge thus laid upon inhabitants also required furnish wagons convey', 'roads necessary collect vehicles country insure good treatment owners drivers vehicles arranged parks different points take drivers far homes order husband successive resources lastly soldier must habituated carry', 'restricting troops within distance depots dependent upon means transportation rations could carry number days necessary wagons go depots return camp']"
78,12,78_siege_mantua_buonaparte_victories,"['siege', 'mantua', 'buonaparte', 'victories', 'genoa', 'tyrol', 'beat', 'july', 'th', 'raise']","['siege might disturbed without done napoleon mantua russians varna experience proved best way cover siege beat pursue far possible enemys forces could interfere', 'et seq time buonaparte could adopted course th july without quite giving idea siege mantua impossible save siege train could', 'army collected tyrol raise siege mantua commits error marching two bodies separated lake lightning quicker napoleon raises siege abandons every thing mantua throws greater part force upon first column debouches brescia beats forces back']"
79,12,79_anabasis_alexander_nysa_pisidia,"['anabasis', 'alexander', 'nysa', 'pisidia', 'phrygia', 'alexandra', 'ravi', 'epirote', 'rasalhad', 'dio']","['anabasis alexander', 'anabasis alexander', 'anabasis alexander']"
80,12,80_siege_massaga_halicarnassus_halicarnassusabortive,"['siege', 'massaga', 'halicarnassus', 'halicarnassusabortive', 'myndus', 'xxvi', 'massgtae', 'miletus', 'halicarnassusada', 'stadium']","['xxvi siege massaga', 'siege halicarnassus', 'siege capture miletus siege halicarnassusabortive attack myndus']"
81,11,81_thousand_hundred_thirtyfive_armies,"['thousand', 'hundred', 'thirtyfive', 'armies', 'standing', 'opposed', 'men', 'thirty', 'difficulty', 'magnitude']","['world prevent descents thirty forty thousand men except secondrate powers extremely difficult find transportation one hundred one hundred fifty thousand men immense trains artillery munitions cavalry c', 'bodies observation detached central mass hold check two armies one hundred thirtyfive thousand must strong eighty ninety thousand magnitude drawn serious engagement', 'thirty thirtyfive thousand men would sure defeating successively central mass four hundred thousand strong three armies one hundred thirtyfive thousand several good reasons']"
82,11,82_prussian_prussia_prince_jena,"['prussian', 'prussia', 'prince', 'jena', 'foundation', 'dornberg', 'grawert', 'cantoned', 'tauentzien', 'kappellendorf']","['consequently even tactical one confusion ideas transferred real life would see memorable instance call mind prussia left reserve men cantoned mark prince eugene wurtemberg could possibly reach saale time use', 'special case easily outlives continues whilst circumstances imperceptibly change theory prevent lucid rational criticism year prussian generals prince louis saalfeld tauentzien dornberg near jena grawert ruechel behind kappellendorf threw', 'conscientiously studied understood army even prussian work ultimate foundation every drill regulation europe except reared ceaseless repetition fundamental ideas onehalf male population every continental nation subjected']"
83,11,83_et_cf_curtius_livy,"['et', 'cf', 'curtius', 'livy', 'acie', 'necis', 'ingredienti', 'insignemammianus', 'mos', 'linquique']","['quem euripum tot motus tantas tam varias habere putatis agitationes fluctuum quantas perturbationes et quantos aestus habet ratio comitiorum aristotle ethica nicomachea', 'sapiens dictum qui callisthenem sectatorem et propinquum suum ad regem alexandrum mittens ei saepe mandabat ut quam rarissime et jucunde apud hominem loqueretur vitae potestatem et necis acie linguae portantem', 'ungulas tantum mularum repertas neque aliam ullam materiam quae non perroderetur veneno stygis aquae cum id dandum alexandro magno antipater mitteret dignum memoria est magna aristotelis infamia excogitatum']"
84,11,84_alexander_rock_porus_mantle,"['alexander', 'rock', 'porus', 'mantle', 'gadrosians', 'oritians', 'leonnatus', 'land', 'sent', 'paraetacians']","['alexander finished operations among sogdianians possession rock advanced land paraetacians many barbarians said holding another rock strongly fortified place country', 'royal mantle shield brought back alexander heard sent leonnatus one companions injunctions tell themdarius still alive flight left arms mantle chariot things alexander leonnatus entered tent', 'informed left land ruled fled porus hostilities subsisted alexander porus sent envoys alexander offering surrender land subject rather enmity porus friendship alexander ascertained']"
85,11,85_hydaspes_voyage_acesines_hyperdes,"['hydaspes', 'voyage', 'acesines', 'hyperdes', 'hyphsis', 'hypaspists', 'hydarnes', 'continued', 'passim', 'passage']","['voyage hydaspes continued', 'voyage hydaspes voyage hydaspes continued', 'voyage hydaspes acesines']"
86,11,86_spitamenes_sogdiana_sogdianians_scythians,"['spitamenes', 'sogdiana', 'sogdianians', 'scythians', 'sogdianarevolt', 'sogdian', 'oxyartes', 'subjugation', 'fled', 'rock']","['drawing near raised siege citadel retired capital sogdiana pharnuches generals eager drive altogether followed retreating towards frontiers sogdiana without due consideration made joint attack upon nomad scythians spitamenes received', 'subjugation sogdianarevolt spitamenes defeat death spitamenes oxyartes besieged sogdian rock', 'better able fight way coming bagae fortified place sogdiana situated confines countries sogdianians massagetian scythians easily persuaded scythian horsemen join invasion sogdiana easy matter induce scythians engage one war another']"
87,11,87_rivers_river_passage_enemy,"['rivers', 'river', 'passage', 'enemy', 'crossing', 'rules', 'collecting', 'retreats', 'bridges', 'wuhou']","['exceedingly delicate character essential thing keep bridges safe effecting passage general throw mass forces toward right left view taking possession decisive point driving enemy back upon river whilst latter collecting forces', 'concentrated general means taking passage front perpendicular river would better pass upon one extremities order throw enemy bridges referred upon passage rivers', 'river best position passage crossing presence enemy order battle passage rivers eventual lines defense']"
88,11,88_confederacy_confederate_conquest_mississippi,"['confederacy', 'confederate', 'conquest', 'mississippi', 'new', 'us', 'disgrace', 'hear', 'neighbours', 'expeditions']","['unable contain intentions betrayed conduct trifles ambition looked one day enact grander scale also made difficult access displayed violent temper every one without exception one could come near indeed principal reason confederacy went', 'distant expeditions conquest object hear nothing among hellenes union subject cities round great state spontaneous combination equals confederate expeditions fighting consisted merely local warfare rival neighbours nearest approach coalition took place old', 'cut twain southern confederacy mastering course mississippi political results would even important military early stage war spirit independence far general bitter would cut offin new englandthan new york']"
89,10,89_strategy_tactics_combinations_tactical,"['strategy', 'tactics', 'combinations', 'tactical', 'thingsst', 'grand', 'theater', 'xvithe', 'epitome', 'mass']","['examples strategy general strategy elements strategy', 'strategy general strategy', 'fortune gains victories grand tactics art making good combinations preliminary battles well progress guiding principle tactical combinations strategy bring mass']"
90,10,90_city_citizens_prisoners_ambraciots,"['city', 'citizens', 'prisoners', 'ambraciots', 'acted', 'noses', 'stunned', 'burghers', 'design', 'dead']","['noses chi prisoners place front rank fight us would undoing city side informed speech acted suggestion within city enraged seeing fellowcountrymen thus mutilated fearing lest', 'yesterday came reinforce city ambraciots herald heard knew reinforcement city destroyed broke wailing stunned magnitude present evils went away without performed errand asking dead bodies indeed', 'acted information received forestalled arresting prisoners city would betrayed citizens went far sleep one night armed temple theseus within walls friends also alcibiades argos time suspected design attack commons argive hostages']"
91,10,91_cavalry_harper_bazira_scythians,"['cavalry', 'harper', 'bazira', 'scythians', 'agrianians', 'rock', 'along', 'horsemen', 'seen', 'zarangian']","['cavalry posted sent thessalian cavalry thither speed ordering ride along front whole array lest seen enemy shifting ground proceed stealth rear phalanx front cavalry right posted lancers', 'sogdianian arachotian zarangian arian parthian horsemen well persian horsemen called evacae distributed among squadrons companion cavalry many least seen excel reputation fineness stature good quality fifth cavalry division added', 'captain called leugaean command pantordanus son cleander proceed centre right without seen also marched archers part agrianians grecian mercenaries along right front extended phalanx beyond wing persians']"
92,10,92_duties_officers_staff_logistics,"['duties', 'officers', 'staff', 'logistics', 'cipher', 'corps', 'details', 'special', 'branch', 'proper']","['officers general must act concert officers duties defined officers duty offensive war officers inspect materiel officers summary duties', 'includes small part duties staff officers retain term must understand greatly extended developed signification embrace duties ordinary staff officers generalsinchief', 'appears said old term logistics insufficient designate duties staff officers real duties corps officers attempt made instruct proper manner performance']"
